ID,Description
1,"A young woman with curly hair sitting in a sunlit caf√©, sipping coffee, and reading a book."
2,"An astronaut floating in space with Earth in the background, wearing a reflective visor helmet."
3,"A large golden retriever chasing a colorful frisbee in a park on a bright, sunny day."
4,"A medieval knight in shining armor, standing in front of a castle gate at sunrise."
5,"A city skyline at twilight, with glowing lights reflecting off the glass buildings."
6,"A quiet beach at dawn with soft waves crashing, and a lone seagull flying overhead."
7,"A busy New York street filled with yellow taxis, pedestrians, and towering skyscrapers."
8,"A woman in a flowing white dress, dancing gracefully in a field of wildflowers."
9,"A futuristic city with flying cars, neon lights, and towering buildings."
10,"A man in a red sweater reading a book by a roaring fireplace in a cozy cabin."
11,"A child wearing a superhero cape, jumping off a small wooden swing set."
12,"A thunderstorm approaching over a vast desert landscape, with dark clouds and lightning."
13,"A peaceful Japanese garden with a koi pond, stone paths, and cherry blossom trees."
14,"A chef in a bustling kitchen, carefully plating a gourmet dish for a customer."
15,"A lion and lioness sitting together under a tree in the savannah, watching the sunset."
16,"A vintage motorcycle parked in front of a brick wall with graffiti in an urban alley."
17,"A young couple holding hands while walking through an autumn forest covered in fallen leaves."
18,"A group of children playing soccer in a field, with a sunset glowing in the background."
19,"A close-up of a butterfly landing on a vibrant flower in a lush garden."
20,"A pair of hikers standing on a mountain peak, overlooking a valley covered in mist."
21,"A snow-covered street in a small European village, with people bundled in winter coats."
22,"A professional ballet dancer practicing in a mirrored studio, dressed in a tutu."
23,"A stormy ocean with crashing waves and a lone ship battling the rough waters."
24,"A futuristic robot helping an elderly person cross the street in a busy city."
25,"A deep forest with towering trees, dappled sunlight, and birds chirping in the background."
26,"A bright red sports car driving along a coastal highway with the ocean in view."
27,"A quaint bookstore with shelves full of vintage books and a soft glow from hanging lamps."
28,"A peaceful countryside landscape with a small farmhouse and a barn under a clear blue sky."
29,"A close-up of a steaming cup of tea with a lemon wedge, placed on a wooden table."
30,"A hot air balloon soaring over a picturesque valley during sunrise."
31,"A chef carefully slicing vegetables in a professional kitchen, with ingredients scattered on the counter."
32,"A couple having a romantic dinner in a dimly lit restaurant, with candlelight and wine glasses."
33,"A pirate ship sailing through the open sea, with billowing sails and a bright blue sky."
34,"A professional photographer setting up a camera on a tripod, capturing a beautiful landscape."
35,"A large, colorful peacock strutting through a lush garden with vibrant flowers."
36,"A cozy mountain cabin with smoke rising from the chimney, surrounded by snow-covered trees."
37,"A bustling farmers market with fresh produce, handmade goods, and customers shopping."
38,"A child building a sandcastle on a beach while the sun sets over the horizon."
39,"A gothic cathedral with towering spires and intricate stained-glass windows, lit by soft candlelight."
40,"A futuristic cityscape at night with glowing skyscrapers, flying vehicles, and illuminated streets."
41,"A vintage train traveling through a snowy mountain pass, with steam rising from the locomotive."
42,"A young couple enjoying a picnic under a willow tree by a tranquil lake."
43,"A steampunk airship flying through the clouds, with brass gears and colorful balloons."
44,"A white sand beach with palm trees swaying in the breeze and turquoise water lapping the shore."
45,"A magical forest at dusk with glowing fireflies, mushrooms, and ethereal mist."
46,"A wizard in a long robe standing before a stone archway with ancient runes glowing."
47,"A group of friends playing board games in a cozy living room with soft lighting."
48,"A vintage camera resting on a wooden table, surrounded by photos and a cup of coffee."
49,"A black-and-white cityscape with rain-soaked streets reflecting neon lights."
50,"A raccoon peering out from behind a tree in a forest, with glowing eyes and curious expression."
51,"A majestic eagle soaring through the sky over a snow-capped mountain range."
52,"A bustling market street in Morocco with colorful spices, textiles, and handmade goods."
53,"A traditional Chinese dragon parade through the streets during the Lunar New Year celebrations."
54,"A serene mountain lake with crystal-clear water reflecting the snow-covered peaks."
55,"A young man playing an acoustic guitar on a grassy hill under the setting sun."
56,"A pirate treasure chest filled with gold coins and jewels, resting on a sandy beach."
57,"A small wooden bridge over a stream in a forest, with sunlight filtering through the trees."
58,"A couple sitting on a rooftop under a starlit sky, gazing at the city lights below."
59,"A classic car parked in front of a neon-lit diner, with retro signage and a vintage vibe."
60,"A dark alley with flickering street lamps, casting long shadows on the brick walls."
61,"A colorful carnival with spinning rides, cotton candy stands, and a crowd of excited visitors."
62,"A dragon perched on a mountain peak, with fire breathing out of its mouth and a stormy sky above."
63,"A wedding ceremony with a bride and groom exchanging vows in front of a beautiful floral arch."
64,"A family enjoying a barbecue in their backyard, with hamburgers sizzling on the grill."
65,"A bustling Tokyo street with colorful billboards, people in fashionable clothes, and busy crosswalks."
66,"A tranquil Zen garden with raked sand, stone lanterns, and a bamboo fence."
67,"A young woman with long hair walking through a foggy forest, her breath visible in the cool air."
68,"A close-up of a spider weaving its web in the corner of an old barn."
69,"A group of children trick-or-treating on Halloween night, dressed in spooky costumes."
70,"A surfer riding a large wave at sunrise, with the sun casting a golden glow on the water."
71,"A black cat sitting on a windowsill, staring out at a rainy street."
72,"A cozy coffee shop with brick walls, wooden tables, and the aroma of freshly brewed coffee."
73,"A professional skier racing down a steep snow-covered slope with snow spraying around them."
74,"A traditional African village with mud huts, children playing, and women carrying baskets on their heads."
75,"A peaceful alpine village nestled between towering mountains, with smoke curling from chimneys."
76,"A young boy fishing at a quiet lake, with the water shimmering in the early morning light."
77,"A close-up of a hummingbird drinking nectar from a bright red flower in a tropical garden."
78,"A group of astronauts exploring a distant planet, with a red-orange sky and rocky terrain."
79,"A city street illuminated by neon signs and headlights, bustling with activity at night."
80,"A hiker standing on a rocky outcrop, looking out over a vast desert landscape."
81,"A mysterious fog rolling over a lake at dawn, with silhouettes of trees on the shore."
82,"A woman standing on a balcony, gazing out at the city skyline during a vibrant sunset."
83,"A field of sunflowers stretching towards the horizon under a clear blue sky."
84,"A medieval blacksmith hammering red-hot metal in a forge, with sparks flying in the air."
85,"A mother and child baking cookies together in a warm kitchen, with flour everywhere."
86,"A small fishing boat anchored on a foggy morning, with the sun just beginning to rise."
87,"A close-up of a glass of fresh-squeezed orange juice on a wooden table, with condensation forming."
88,"A street musician playing the violin in a crowded subway station, with commuters passing by."
89,"A group of wolves standing on a snowy ridge, howling at the full moon above."
90,"A majestic waterfall cascading down a rocky cliff into a crystal-clear pool below."
91,"A farmer harvesting crops in a golden wheat field, with the sun setting in the background."
92,"A couple taking a selfie in front of the Eiffel Tower on a bright summer day."
93,"A close-up of a plate of sushi with wasabi, ginger, and chopsticks on a wooden table."
94,"A cat curled up in a sunbeam, sleeping peacefully on a soft rug in a cozy living room."
95,"A mountain bike rider speeding down a rugged trail with dirt flying up behind them."
96,"A group of friends sitting around a campfire, roasting marshmallows under a starry night sky."
97,"A mystical forest with glowing mushrooms, swirling mist, and ancient stone ruins."
98,"A young woman in a red scarf walking along a snowy path through a winter forest."
99,"A tranquil lake with a lone canoe drifting across the water, surrounded by dense trees."
100,"A traditional African village with mud huts, children playing, and women carrying baskets on their heads."